Identifier,Surname,Given_Name,Middle_Initial,Suffix,Primary_Street_Number,Primary_Street_Name,City,State,Zipcode,Primary_Street_Number_Prev,Primary_Street_Name_Prev,City_Prev,State_Prev,Zipcode_Prev,Email,Phone,Birthmonth
97614870,Powell,Chelsea,D,Jr.,92960,Stewart Estates,Christopherberg,RI,30499,70480,Nichole Mountains,Ramosburgh,WY,92927,rogersallison@example.net,407.615.4979,192407
97000895,Miller,David,U,MD,9331,Madison Harbor,Aaronmouth,PW,73032,927,Richard Walk,New Thomasborough,ND,63467,valerie11@example.org,(938)514-7380x6374,202010
80238710,Long,Jennifer,W,DVM,893,Rivera Dam,Lake Jamestown,VT,38246,83332,Sanders Islands,Miguelland,UT,81548,ronaldcooper@example.net,586-439-7920x4868,194506
72006374,Payne,George,X,DVM,8818,Potts Creek,Port Johnburgh,TX,72472,372,Webb Overpass,Gomezville,WA,04973,randolphcheryl@example.org,923-758-0199x4408,197204
13840061,Clark,Edward,U,MD,6339,Ashley Tunnel,Timothymouth,VI,38246,906,Alvarez Courts,East Robertborough,ID,38924,seanortega@example.org,7292018642,197908
67278564,Mc'Thomson,Rachel,M,II,4566,Bright Mountain,Morenoburgh,NY,28787,937,Myers Bridge,South Gracemouth,AZ,47539,sydney77@example.org,(827)273-8553x50877,190105
17670319,Larsen,Jamie,G,PhD,5119,Herrera Loaf,Port Andre,HI,55887,91130,Dickerson Port,Lake Jared,FM,61750,walkercindy@example.com,+1-334-442-2338x515,201103
80326974,Rice,Thomas,A,PhD,59664,Wood Villages,Port Roy,AS,11669,2791,Cochran Summit,Sandersland,GA,61118,shortbrett@example.org,(884)749-9291,196803
45693537,Johnson,Kayla,A,MD,6199,Chad Port,Port James,MA,69818,9332,Megan Row,South Phillip,AZ,94453,william85@example.com,+1-212-615-1503x11552,190102
89155751,King,Jeffrey,B,II,4076,Michelle Parkway,Jodistad,KS,40675,2299,Davis Glen,East Sarabury,CA,47927,frankpatrick@example.com,402.878.8780,191402
89155751,King,Jeffrey,B,II,4076,Michelle Parkway,Jodistad,KS,40675,2299,Davis Glen,East Sarabury,CA,47927,frankpatrick@example.com,402.878.8780,191402
,Payne,George,X,DVM,8818,Potts Creek,Port Johnburgh,TX,72472,372,Webb Overpass,Gomezville,WA,04973,randolphcheryl@example.org,923-758-0199x4408,197204
